{"minimum wage": 0.5104574147851394, "hide caption": 0.4813134713203657, "he said": 0.40800170526789015, "going to": -0.4038055545312331, "the company": 0.3373999326538006, "the us": -0.3326539262287002, "united states": -0.3242127893441946, "she said": 0.2909498319061184, "civil rights": 0.28746015274554815, "aaa aaa": 0.28674320287854954, "nr nr": 0.28674320287854954, "to chief": 0.28437863980280426, "for the": 0.2815312635107279, "that the": -0.277518456283586, "if you": -0.2723156433013506, "the bill": 0.2688873892002552, "chief justice": 0.2602219809170887, "donald trump": 0.25950313170556044, "caption of": 0.25803241728419624, "the state": 0.257948398676754, "the united": -0.25511270045397744, "civil war": 0.25268116998088896, "mr trudeau": 0.25116879834819134, "this year": 0.24720016814233453, "the white": -0.24632881668352022, "average wage": 0.2458926247479448, "00 00": -0.24254475040406778, "the hurricane": 0.24067946875292884, "photos hide": 0.23692098684656812, "pluribus unum": 0.23680850897080122, "two years": 0.2360654740136501, "of 14": 0.23488629947241202, "secretary of": 0.23484371477413826, "covid 19": 0.23252271555945211, "current employment": 0.22986944337438567, "employment statistics": 0.22986944337438567, "percent of": 0.22802280137119724, "hong kong": 0.22714306894597244, "new york": 0.2264474016720565, "nominated to": 0.22501647797022242, "the nra": -0.22405670010998271, "shaun king": 0.22387594295858199, "our state": 0.2222123648315025, "from the": -0.22118774462649077, "14 photos": 0.21999805921467033, "steel and": 0.2165617280991089, "said the": 0.21424567711738277, "of state": 0.21262570942033218, "sit amet": 0.21063670051015393, "the trump": 0.20909814875976274, "the gop": 0.2090240589204972, "the water": 0.2065183357983453, "religious freedom": 0.20384885649806683, "with the": -0.20270059601262871, "beverage tax": 0.20252193443747557, "sweetened beverage": 0.20252193443747557, "new jersey": 0.20202649777809523, "per hour": 0.20108799808678854, "the klan": 0.20094764302106377, "efforts to": 0.2006654068560974, "in texas": 0.19795362783078962, "rhode island": 0.1977734033414298, "the russian": -0.19715402628544731, "and aluminum": 0.19691304990927966, "voter fraud": -0.19660270217655332, "of six": 0.1964761725617414, "professor mclaughlin": 0.19582970330309074, "you are": -0.1951482957258631, "to expand": 0.19356623950132765, "estimated net": 0.19339928664361045, "clinton said": 0.1927113028210466, "white house": -0.19194100469827813, "drew says": 0.19126708451441346, "item 23": 0.19126708451441346, "the administration": 0.19084437806905974, "gang of": 0.18613580140110644, "economic research": 0.18604222109178964, "the seal": 0.18578298993741865, "net worth": 0.18577729452317923, "southwest key": 0.18570021460016342, "carbon dioxide": -0.18546317295750023, "and losers": 0.18518129848486384, "new hampshire": 0.18435329584088916, "the capitol": 0.18350097487678477, "the secretary": 0.18295005711662782, "oval office": -0.18250474124267113, "luther king": 0.180028286329333, "martin luther": 0.180028286329333, "the minimum": 0.1798853595233286, "is that": -0.17917315785499066, "center for": 0.1788789018710476, "about the": -0.1784540037015091, "bill maher": 0.17833308186320293, "do you": -0.1774947607555621, "our country": -0.17694765498364837, "the metaverse": 0.17675564180815478, "billion in": 0.17599994956924545, "they are": -0.1743534500598419, "the sweetened": 0.1735902295178363, "the committee": 0.17329081279203432, "haters and": 0.17223586670216323, "the haters": 0.17223586670216323, "global warming": -0.17158888511963113, "wage index": 0.1710887398673056, "president trump": -0.17077392136602595, "that they": -0.17043399746167623, "you have": -0.16980632163632972, "aa1 aa": 0.16943916533732487, "commons estimated": 0.16922437581315913, "wikimedia commons": 0.16922437581315913, "the texas": 0.16851138703061502, "measure 11": 0.16809437538096386, "the gorilla": -0.16800457134870983, "the town": 0.16794851122590634, "subliminal advertising": 0.16743983482454303, "to run": 0.16654462064739603, "president elect": 0.1661816726937907, "sign up": 0.16606689409497896, "respond to": 0.16599598217692074, "long island": 0.16582428068392618, "food stamps": 0.16582034444705246, "america great": 0.16498043347357638, "has said": 0.16416398840531615, "with percent": 0.16369352300123938, "king shaunking": 0.16360165062357906, "fourth quarter": 0.16313537692859914, "supreme court": 0.16307965988623027, "eastern time": 0.16283581388706167, "to have": -0.16236003180019512, "the lexus": 0.16221241914363374, "to be": -0.16109187181740078, "on jan": 0.16094882060779223, "minimum rate": 0.1608288913648331, "more than": 0.1608223135245858, "get the": -0.1601282048245131, "president donald": 0.15976627563327808, "the centers": 0.15955784877152143, "the british": -0.15822553466496841, "american people": -0.158158781796592, "king jr": 0.15786583317433714, "on december": 0.1577694646300619, "of 37": 0.1572471862437385, "photos wildfires": 0.1572471862437385, "spread in": 0.1572471862437385, "wildfires spread": 0.1572471862437385, "the federal": 0.15716261131753329, "the oval": -0.15715018162295633, "census bureau": 0.1566359230400745, "the name": -0.15598773181109274, "not only": -0.15582612055148456, "the report": -0.15573303740396813, "plans to": 0.15551010038450377, "is the": -0.15546734572732812, "basic minimum": 0.15528306752466653, "rate per": 0.15528306752466653, "to build": 0.1550091999572538, "shaunking august": 0.1549910374328644, "tried to": 0.15495098627982506, "whole foods": -0.15491072708291606, "their parents": 0.1549098806903741, "mr trump": 0.15475748229405709, "on friday": 0.15457968870327632, "have to": -0.15426932420569245, "the worlds": -0.1538410787206641, "it was": 0.15362773191107437, "the moon": -0.1533891705628599, "all the": -0.15308917958113152, "37 photos": 0.1529972622912049, "we were": 0.15248946354612522, "the anthem": 0.152202706525227, "governor scott": 0.1509188125364343, "with an": 0.1507183697011025, "some of": -0.15060056360630034, "to include": -0.15036966490153053, "been working": 0.15033491825956652, "there is": -0.1503167971519303, "the current": 0.15013867083920315, "food stamp": 0.14999039686297785, "national average": 0.14998199503375237, "politics and": 0.14990577148385276, "clean energy": 0.14946844993073125, "15 photos": 0.14921671892129684, "on the": -0.14921604960991625, "are available": 0.14897633262992402, "guest worker": 0.14879533441948797, "citizens united": 0.1485306433243943, "cost of": 0.14820800243238708, "conscience and": 0.14682659310143356, "that this": -0.14655190567947984, "shave it": 0.14633936599303815, "this is": -0.14631964580877618, "and south": 0.1462805515567876, "the shutdown": 0.14588921448382394, "york times": 0.14562467812675184, "human services": 0.14535507008082643, "share of": 0.14513443978592408, "of wisconsin": -0.1450459816362486, "estimates of": 0.14503901043261808, "water receding": 0.14498024075016525, "but you": -0.14495782462576223, "and the": -0.14490871078585219, "zero tolerance": 0.14490039821528325, "6th district": 0.14476896844924705, "georgia 6th": 0.14476896844924705, "year in": 0.14474007228057753, "sweetened beverages": 0.1446585245981969, "people and": -0.14464321874631436, "on her": -0.14397376523320995, "about this": -0.1436323686646267, "aa aa1": 0.14337160143927477, "hillary clinton": -0.143230891160602, "the full": 0.14271840981560285, "pro life": -0.14233270492185476, "and religious": 0.14223492117776443, "the pool": -0.14169318685158322, "china and": 0.14141806016582534, "human rights": -0.14070626351965695, "told the": 0.14047656567116856, "sales tax": -0.14039530592136748, "the building": 0.14031448227209598, "the civil": 0.13993281765176066, "haridopolos said": 0.13957000474390235, "gina florio": 0.1393298474122117, "fox news": -0.13919519405284927, "sex robots": -0.1390589543938669, "death penalty": 0.1388975786185318,