{"on social": 0.0017377417578116963, "who was": 0.0016208630313351694, "the bottom": 0.0015984853107171917, "efforts to": 0.001543147453893926, "respond to": 0.0014023179082615646, "the person": 0.0012891498136165518, "that the": 0.0011708266680708894, "the price": 0.0011329813653331272, "that users": 0.0011292731095697598, "based on": 0.0011261673453383705, "of labor": 0.0011176964627573351, "on the": 0.0010858675055296708, "to build": 0.001081014515353429, "he said": 0.0010363578400747367, "two years": 0.001033133135964292, "who has": 0.0010310883969979264, "has said": 0.0010056873314382784, "members of": 0.0009434366455901993, "the total": 0.0009396510665252528, "serve as": 0.0009238619489943991, "as in": 0.0008949128132937544, "act of": 0.0008924591417502877, "to enter": 0.0008709924037698141, "pic twitter": 0.0008657782427132104, "year in": 0.0008374315144041834, "the fourth": 0.0008313708251999506, "have specific": 0.0008281779588296337, "social media": 0.0008267401734331275, "than the": 0.0008246624504709289, "are available": 0.0008129816492668528, "contributed to": 0.0008073280551406807, "do anything": 0.0007983215617553385, "five years": 0.0007961388386359591, "children in": 0.0007954000748586949, "not see": 0.0007910152859975313, "support the": 0.0007888025713358309, "sen bernie": 0.0007771641739981208, "this story": 0.0007636395126165773, "are already": 0.0007448243467141103, "in letter": 0.0007413850590867985, "even as": 0.0007401679190600756, "with an": 0.0007385172610753589, "25 percent": 0.000738007327590095, "trump had": 0.000736462847210151, "politics and": 0.0007125462124441495, "the current": 0.0007097904924555801, "on them": 0.0007082444189908743, "the company": 0.0007052624937634414, "bureau of": 0.0007023473090359098, "ask for": 0.0006942525833805972, "company is": 0.0006781554844177719, "he will": 0.0006772750276685054, "share of": 0.000670867978057362, "support in": 0.0006691005099635223, "in the": 0.000662006068929288, "community to": 0.0006619288844029811, "it on": 0.0006600996456669825, "twitter com": 0.000658497287890014, "and new": 0.0006560344936734059, "russia adds": 0.0006433320267951026, "governor has": 0.0006427417402620621, "of city": 0.0006420978922517005, "to admit": 0.0006407973615397584, "the family": 0.0006362686169730469, "tried to": 0.0006348938716858702, "in 2018": 0.0006325143866715347, "you are": 0.0006285687569693891, "the fair": 0.000625286743839511, "more on": 0.000620981389580728, "and her": 0.0006169509612729964, "there were": 0.0006059256402062652, "there is": 0.0006055013216150574, "have in": 0.0006039459638063838, "focusing on": 0.0006037626872261273, "but the": 0.0006029087234426078, "the trump": 0.0005985976716003535, "12 of": 0.0005982454028249013, "the united": 0.0005976768209373787, "to reform": 0.0005936985676071121, "other businesses": 0.0005883533561621198, "near ukraine": 0.0005883074639902798, "the year": 0.0005825650322911046, "with my": 0.0005809587201203122, "the matter": 0.000580405175134173, "who do": 0.0005761657953401206, "that this": 0.0005747100077959856, "us official": 0.0005710421190879784, "california state": 0.000569704662391719, "was he": 0.000566527835467623, "going to": 0.0005657945198809361, "states and": 0.000565627305050006, "way for": 0.0005649860020733599, "base of": 0.0005642319228938017, "the maker": 0.0005625946908729331, "aluminum and": 0.0005608272980081338, "the final": 0.0005605461461383431, "said the": 0.0005589321571976614, "able to": 0.0005558099945185281, "and cultural": 0.0005536590415921497, "effort to": 0.0005530152337717597, "driven by": 0.0005522803624691723, "billion in": 0.0005522762547715614, "role as": 0.0005516239242242171, "to reach": 0.0005510581184088609, "candidate trump": 0.0005487326464059497, "the national": 0.0005484160404313137, "to have": 0.0005449494778197367, "to help": 0.0005445944685719293, "at 14": 0.0005439783442815101, "which is": 0.0005421093496350148, "and will": 0.0005404813007090667, "difficult to": 0.0005403903274099821, "donald trump": 0.0005396665985568484, "on july": 0.0005341827234677205, "the web": 0.0005322462190579301, "be careful": 0.0005320524842378055, "is once": 0.0005314683097740696, "if the": 0.0005299747433878637, "has held": 0.0005291575248208058, "was still": 0.0005265336269765996, "estimates of": 0.0005264770947171622, "data for": 0.0005258978592437725, "he had": 0.0005234756357065384, "they are": 0.0005214411055334353, "most of": 0.0005212212662874892, "that point": 0.0005195360028526222, "their support": 0.0005191497819393882, "get to": 0.0005172346014655715, "called the": 0.0005162362354463012, "care facilities": 0.0005148849187451456, "back in": 0.0005140198090909494, "that make": 0.0005110218660809734, "called for": 0.0005109485960364522, "with more": 0.0005100855824475915, "nearly two": 0.0005072774898875495, "something that": 0.0005056173397227696, "founded in": 0.0005000559424671002, "that some": 0.0004940734768226958, "according to": 0.000491952325484534, "the hurricane": 0.000490900743448494, "changes in": 0.0004896397241224016, "prepared for": 0.0004868347739756777, "expected to": 0.00048649654239487944, "defining new": 0.0004839680286055823, "case was": 0.0004812552360248501, "and feel": 0.00047991814058807923, "to take": 0.00047979759486745587, "hints at": 0.00047945764458181536, "work but": 0.0004791708258523769, "for the": 0.00047870789998565944, "but was": 0.0004783536289564764, "mission statement": 0.0004779193152132839, "by people": 0.00047524951660773875, "city scandal": 0.00047519328545375417, "york times": 0.0004747839301452027, "the nation": 0.00047347411361320764, "the chinese": 0.00047328327739734166, "back at": 0.0004722931255702214, "within two": 0.0004711773058053872, "rhode island": 0.00047042615507567054, "to announce": 0.0004699659333309874, "is part": 0.0004696957147154457, "to last": 0.00046876823219726987, "bernie sanders": 0.0004681114061512125, "percent of": 0.000467810480367976, "coming to": 0.000466594827008513, "revenue of": 0.00046586825733855886, "it like": 0.0004632359488035947, "said then": 0.00046320461010722987, "lives of": 0.00046314507686997435, "more in": 0.00046236146958715757, "you could": 0.0004593444676027196, "set for": 0.00045903761419729993, "week after": 0.0004588618469085305, "part of": 0.00045807091334774936, "depending on": 0.00045773572610919086, "to test": 0.0004574320162975095, "and television": 0.0004569744775443521, "in his": 0.0004562896104115885, "year he": 0.000455767616182888, "we are": 0.0004548697836629154, "the way": 0.0004545452099982758, "is in": 0.00045389933020603104, "plans to": 0.00045334767535185955, "already has": 0.0004508375447718896, "and all": 0.0004501514886727011, "and ceo": 0.00044976216590940566, "who can": 0.0004487050989337466, "for help": 0.00044792597146065053, "to break": 0.0004469664584603332, "at first": 0.0004466093772846927, "the lowest": 0.00044599361776402965, "and well": 0.00044254596433532424, "on said": 0.00044226824161438903, "it could": 0.00044214521641560545, "director of": 0.00044207044660099656, "signed an": 0.00043947884874738084, "woman who": 0.0004392425443147668, "expansion of": 0.00043884507081515804, "hundreds of": 0.00043781172349796046, "secretary of": 0.0004378038940887131, "average of": 0.0004374928224212091, "trump in": 0.00043654139979398295, "enter the": 0.000436388586046486, "interest and": 0.0004360412904904181, "149 000": 0.0004356669281225344, "of directors": 0.00043328823608260907, "way is": 0.00043280588228444974, "from countries": 0.00043054649946323284, "in march": 0.00042909470979802275, "step in": 0.00042872255575804465, "to solve": 0.0004275036989102509, "rose to": 0.00042624742175657794, "conference of": 0.00042539497141745814, "should be": 0.00042464001724719293, "change in": 0.0004233250109926649, "monday through": 0.0004232199825234301, "later view": 0.0004218569724326191, "the first": 0.0004216297573581475, "can only": 0.00042006113535708947, "was the": 0.0004195295281223985,