{"two years": 0.028981160751944825, "on social": 0.028277506723540933, "respond to": 0.025018461996954733, "plans to": 0.02446704160257861, "that the": 0.02415377570479831, "in letter": 0.023705328382007142, "civil rights": 0.022149139990948412, "of just": 0.021667636947667237, "wednesday feb": 0.02120166626062051, "we must": 0.020577200534697804, "point to": 0.02043358030945891, "the minimum": 0.019895854511841615, "efforts to": 0.01978160622500036, "driven by": 0.01937907906997566, "the end": 0.01935321961637991, "cost of": 0.01898727758752997, "new york": 0.018949548681674616, "secretary of": 0.01888217960664304, "saw it": 0.01885538760052454, "pass through": 0.018376520613844503, "the bottom": 0.01743141787977458, "who like": 0.01705247401282287, "said in": 0.016943620116494713, "to help": 0.016685754141579454, "more of": 0.016330738096013882, "kind of": 0.01632885117401615, "an amendment": 0.0159869330834662, "50 states": 0.015659119640178645, "are some": 0.014885619880274321, "we are": 0.014058640998036857, "west virginia": 0.013924749179007937, "results of": 0.013914613159654596, "the expansion": 0.013821588605570706, "and continued": 0.013690183915143957, "the first": 0.013632621573853925, "chief executive": 0.013471140972501737, "they would": 0.01335996914237684, "the bill": 0.01328482788302428, "schedule as": 0.013257313338017529, "to have": 0.013231662115799393, "it can": 0.013049963940888339, "is our": 0.013048536750017199, "since then": 0.012844653363298278, "and other": 0.012657483822365385, "was never": 0.012645511450688915, "is the": 0.01252497107097829, "who was": 0.01228244726466566, "like to": 0.01206811595514021, "back to": 0.011073883370761338, "did not": 0.010663739542214614, "is an": 0.009997255820826209, "there were": 0.009150607055644971, "cartels gang": 0.007420643495871007, "voters last": 0.007403165263692475, "are subject": 0.007340953790888273, "commodo nunc": 0.0072795232152323575, "happened before": 0.007269201791873634, "day live": 0.007218860521772123, "values that": 0.007158952965574778, "five categories": 0.007122349230421622, "now we": 0.0069211771067258345, "from each": 0.006748147679057693, "unsuccessfully for": 0.006748147679057693, "jobs to": 0.0065606991324172, "on cnn": 0.0065606991324172, "all federal": 0.005623456399214743, "and preserves": 0.005623456399214743, "you do": 0.005623456399214743, "worldwide maintaining": 0.005521211737410837, "on the": 0.0049986279104131046, "agents from": 0.0044630606342974145, "more you": 0.0037171999927012255, "question please": 0.0006248284888016383, "00 00": 0.0, "00 0312010": 0.0, "00 30": 0.0, "00 3432110": 0.0, "00 3744120": 0.0, "00 45": 0.0, "00 ad": 0.0, "00 am": 0.0, "00 and": 0.0, "00 any": 0.0, "00 bear": 0.0, "00 current": 0.0, "00 duration": 0.0, "00 each": 0.0, "00 edt": 0.0, "00 ended": 0.0, "00 enemy": 0.0, "00 for": 0.0, "00 friday": 0.0, "00 fullscreen": 0.0, "00 get": 0.0, "00 in": 0.0, "00 inches": 0.0, "00 investigator": 0.0, "00 level": 0.0, "00 libyan": 0.0, "00 looking": 0.0, "00 new": 0.0, "00 per": 0.0, "00 pm": 0.0, "00 premium": 0.0, "00 previous": 0.0, "00 seasoned": 0.0, "00 table": 0.0, "00 the": 0.0, "00 these": 0.0, "00 to": 0.0, "00 video": 0.0, "00 which": 0.0, "00 will": 0.0, "000 000": 0.0, "000 030": 0.0, "000 100": 0.0, "000 108": 0.0, "000 110": 0.0, "000 131": 0.0, "000 179": 0.0, "000 25": 0.0, "000 29": 0.0, "000 419": 0.0, "000 500": 0.0, "000 598": 0.0, "000 652": 0.0, "000 685": 0.0, "000 698": 0.0, "000 76": 0.0, "000 80": 0.0, "000 947": 0.0, "000 955": 0.0, "000 about": 0.0, "000 according": 0.0, "000 acre": 0.0, "000 acres": 0.0, "000 additional": 0.0, "000 adults": 0.0, "000 african": 0.0, "000 after": 0.0, "000 airstrikes": 0.0, "000 allied": 0.0, "000 american": 0.0, "000 an": 0.0, "000 and": 0.0, "000 another": 0.0, "000 apd": 0.0, "000 as": 0.0, "000 attendees": 0.0, "000 attorneys": 0.0, "000 audience": 0.0, "000 barrel": 0.0, "000 basic": 0.0, "000 because": 0.0, "000 bed": 0.0, "000 between": 0.0, "000 bison": 0.0, "000 bolts": 0.0, "000 bond": 0.0, "000 businesses": 0.0, "000 by": 0.0, "000 campaign": 0.0, "000 cars": 0.0, "000 cases": 0.0, "000 centuries": 0.0, "000 children": 0.0, "000 city": 0.0, "000 clients": 0.0, "000 colorado": 0.0, "000 compared": 0.0, "000 computer": 0.0, "000 considerable": 0.0, "000 constituents": 0.0, "000 construction": 0.0, "000 cubic": 0.0, "000 customers": 0.0, "000 dedicated": 0.0, "000 demonstrators": 0.0, "000 disabled": 0.0, "000 discouraged": 0.0, "000 dnc": 0.0, "000 each": 0.0, "000 education": 0.0, "000 educators": 0.0, "000 employees": 0.0, "000 employers": 0.0, "000 employment": 0.0, "000 evs": 0.0, "000 feet": 0.0, "000 fewer": 0.0, "000 figure": 0.0, "000 financial": 0.0, "000 followers": 0.0, "000 for": 0.0, "000 foreign": 0.0, "000 from": 0.0, "000 ft": 0.0, "000 gallon": 0.0, "000 gallons": 0.0, "000 georgians": 0.0, "000 german": 0.0, "000 grieving": 0.0, "000 he": 0.0, "000 hippies": 0.0, "000 homes": 0.0, "000 hundreds": 0.0, "000 hungarian": 0.0, "000 immigrant": 0.0, "000 in": 0.0, "000 individual": 0.0, "000 individuals": 0.0, "000 ious": 0.0, "000 irrespective": 0.0, "000 isnt": 0.0, "000 job": 0.0, "000 jobs": 0.0, "000 km": 0.0, "000 known": 0.0, "000 last": 0.0, "000 lawyers": 0.0, "000 lbs": 0.0, "000 less": 0.0, "000 likes": 0.0, "000 machine": 0.0, "000 mails": 0.0, "000 major": 0.0, "000 member": 0.0, "000 members": 0.0, "000 messages": 0.0, "000 migrant": 0.0, "000 mile": 0.0, "000 miles": 0.0, "000 mississippi": 0.0, "000 more": 0.0, "000 motor": 0.0, "000 must": 0.0, "000 names": 0.0, "000 near": 0.0, "000 new": 0.0, "000 nominations": 0.0, "000 non": 0.0, "000 now": 0.0, "000 nurses": 0.0, "000 nursing": 0.0, "000 of": 0.0, "000 on": 0.0, "000 or": 0.0, "000 oregon": 0.0, "000 organic": 0.0, "000 over": 0.0, "000 packs": 0.0, "000 parents": 0.0, "000 people": 0.0, "000 per": 0.0, "000 persons": 0.0, "000 planes": 0.0, "000 premium": 0.0, "000 prison": 0.0, "000 produced": 0.0, "000 rail": 0.0, "000 receive": 0.0, "000 recorded": 0.0, "000 records": 0.0, "000 redecoration": 0.0, "000 reno": 0.0, "000 residents": 0.0, "000 reward": 0.0, "000 riders": 0.0, "000 rocket": 0.0, "000 russian": 0.0, "000 safe": 0.0, "000 service": 0.0, "000 shit": 0.0, "000 signatures": 0.0, "000 signs": 0.0, "000 sold": 0.0, "000 some": 0.0, "000 species": 0.0, "000 staff": 0.0, "000 structuresin": 0.0, "000 students": 0.0, "000 texas": 0.0, "000 that": 0.0, "000 thats": 0.0, "000 the": 0.0, "000 this": 0.0, "000 times": 0.0, "000 to": 0.0, "000 tons": 0.0, "000 total": 0.0, "000 trips": 0.0, "000 troop": 0.0, "000 troops": 0.0, "000 two": 0.0, "000 us": 0.0, "000 vehicles": 0.0, "000 vessels": 0.0, "000 views": 0.0, "000 visas": 0.0, "000 visitors": 0.0, "000 volunteers": 0.0, "000 voter": 0.0, "000 votes": 0.0, "000 was": 0.0, "000 washington": 0.0, "000 which": 0.0, "000 will": 0.0, "000 with": 0.0, "000 women": 0.0, "000 words": 0.0, "000 workers": 0.0, "000 year": 0.0, "000 years": 0.0, "000 you": 0.0, "000 youre": 0.0, "00000 1076": 0.0, "0001 tc": 0.0, "0001 tm": 0.0, "0002 tm": 0.0, "00046 1076": 0.0, "0005 tm": 0.0, "000because you": 0.0, "001 18": 0.0, "001 47": 0.0, "001 62": 0.0, "001 71": 0.0, "001 and": 0.0, "001 in": 0.0, "001 the": 0.0, "001 there": 0.0, "002 one": 0.0, "002 the": 0.0, "0025 tw": 0.0, "0028 senator": 0.0, "0028 tw": 0.0, "0029 tw": 0.0, "003 700": 0.0, "003 percent": 0.0, "0057 tw": 0.0, "005930 ks": 0.0, "008958 has": 0.0, "00et google": 0.0, "00pm double": 0.0, "00pm hours": 0.0, "01 001": 0.0, "01 01": 0.0, "01 02": 0.0, "01 04": 0.0, "01 06": 0.0, "01 08": 0.0, "01 1900": 0.0, "01 23": 0.0, "01 45": 0.0, "01 figure": 0.0, "01 is": 0.0, "01 ounce": 0.0, "01 our": 0.0, "01 per": 0.0, "011 800": 0.0, "012 total": 0.0, "013 likes": 0.0, "0131 013": 0.0, "014 400": 0.0, "017 000": 0.0, "0175 per": 0.0, "02 00": 0.0, "02 02": 0.0, "02 12": 0.0, "02 2018": 0.0, "02 displaytext": 0.0, "02 environmental": 0.0, "02 for": 0.0, "02 n1za": 0.0,