{"efforts to": 0.002214191585765649, "respond to": 0.002096850526986929, "to help": 0.001471440239517094, "who was": 0.0013236425018067995, "civil rights": 0.0012800180566152715, "loss of": 0.0012480305130462737, "as did": 0.001218914745537393, "has said": 0.0012101557521795253, "to move": 0.0012083030567113663, "it into": 0.001207877277752081, "driven by": 0.0011630167092018897, "states and": 0.0011280778628451544, "she was": 0.0011209483392267694, "the matter": 0.0010482987455633474, "is that": 0.0010479990812603268, "secretary of": 0.0010157383250995675, "year in": 0.0009858617814024692, "two years": 0.0009428686301482035, "morning news": 0.0009076023165692175, "who has": 0.0008997973310024554, "we call": 0.0008981846016527597, "long been": 0.0008957243723836872, "for release": 0.0008733440748331096, "the total": 0.0008618125105806261, "bureau of": 0.0008576483836558244, "donald trump": 0.0008512302546863097, "already has": 0.000840353652446632, "plans to": 0.0008353617503331143, "of california": 0.000829328138770879, "of white": 0.00082832819455882, "he said": 0.0008278249606989623, "nearly two": 0.0008187214013204137, "are seeing": 0.0008161196210235952, "president elect": 0.0008110016216426524, "said the": 0.000800834472134629, "rhode island": 0.0007962922201319054, "not all": 0.0007841648517399142, "is coming": 0.0007728285739015251, "used the": 0.0007718433665426515, "on jan": 0.0007709282904737695, "the committee": 0.0007594234448121428, "would like": 0.0007564310436491969, "told the": 0.0007402966567600672, "billion in": 0.0007271498452519505, "homeland security": 0.0007256909357619386, "all the": 0.0007254105070417604, "with an": 0.0007100753013774301, "long as": 0.0007093186432969069, "share of": 0.0007079912256185469, "them that": 0.0007068808386609632, "the big": 0.0007030709346343813, "based on": 0.0006990216078025682, "that users": 0.0006957843298366074, "years ago": 0.0006908522055951865, "this is": 0.000690730410957301, "for help": 0.0006879985104570741, "few months": 0.0006865625160073571, "government agencies": 0.0006821288797111466, "not only": 0.0006803888139227877, "the average": 0.0006715366479895446, "percentage of": 0.0006664319200212898, "the governor": 0.0006558643163863679, "for medicare": 0.0006533930138529853, "that the": 0.0006512136601194292, "of american": 0.000649611962016091, "vote number": 0.0006444337520542847, "wall of": 0.0006398023457977876, "interest and": 0.0006339556096892712, "required to": 0.0006330982166074082, "called the": 0.0006281033763652695, "than it": 0.0006271702169844264, "the town": 0.0006229728842437497, "for its": 0.0006216781937857066, "system and": 0.0006164820439220947, "written inquiries": 0.0006159725645609711, "on the": 0.0006139745134869272, "from all": 0.0006068634894944098, "contributed to": 0.0006065060621970492, "encouraged by": 0.0005991595876588231, "this year": 0.0005954715343514092, "set for": 0.0005952682950398522, "bernie sanders": 0.0005952583346682269, "california state": 0.000587802346732776, "not see": 0.0005877233307233975, "are available": 0.0005848973418766468, "officials to": 0.0005827211876249646, "than 30": 0.0005820267655072879, "we must": 0.0005804559109756947, "the united": 0.0005775010781100675, "on them": 0.0005774764278162898, "center for": 0.0005768181900447303, "instead of": 0.000576516245724872, "the environment": 0.0005751063884929565, "money in": 0.0005745264701490524, "12 of": 0.000572191482530652, "he will": 0.0005718619834896629, "to announce": 0.000570990512991142, "the american": 0.0005688894977662729, "is pretty": 0.0005684151443978468, "congress in": 0.0005670301227744416, "on all": 0.0005639888864707056, "to people": 0.0005628504744425235, "way they": 0.0005621014009568519, "than billion": 0.0005597733487088231, "to strengthen": 0.0005573862461663274, "during the": 0.0005553634263881678, "to enter": 0.0005549855578131529, "as part": 0.0005545544541736462, "we have": 0.0005527500822074265, "her to": 0.0005492147524697178, "in arizona": 0.0005487286376419947, "my mind": 0.00054846194793356, "last year": 0.0005482529247091824, "state legislatures": 0.0005474012477243424, "the full": 0.0005458921807581165, "when you": 0.0005434695489509638, "to pick": 0.0005425881521621058, "had previously": 0.0005425627831879879, "ensures that": 0.0005419919919799878, "you were": 0.0005382816226339598, "the trump": 0.0005379148571784135, "the pandemic": 0.0005377837628500556, "more than": 0.0005372698299383039, "tried to": 0.0005369452173408875, "and could": 0.0005363726912382924, "is more": 0.0005361954693836483, "from both": 0.0005350925416702924, "front of": 0.0005343516820011283, "federal minimum": 0.0005335938307180374, "assistant secretary": 0.0005293114841538024, "said in": 0.0005291068118254577, "was he": 0.0005258347691162705, "governor has": 0.0005234145995422803, "our tax": 0.0005211420362202363, "story _links_": 0.0005165725928048976, "the capitol": 0.0005143744801707316, "or that": 0.0005139029018716968, "said to": 0.000512614708742432, "of the": 0.0005124246783081434, "and well": 0.0005110936514210016, "white supremacy": 0.0005105002892196469, "the price": 0.0005084975016352141, "of just": 0.0005047859232529985, "as they": 0.0005026469074503835, "professor of": 0.0005015945778357784, "dallas morning": 0.0005015339518980222, "that has": 0.0005014048309883397, "newsletter sign": 0.0005011541372897645, "on friday": 0.0005008107862845226, "businesses and": 0.0004999115590555221, "new york": 0.0004989554389338142, "it kinda": 0.0004976353906805249, "than the": 0.0004966951991511774, "is all": 0.0004966019963119024, "the current": 0.0004960316492733246, "since the": 0.0004954270178194782, "of state": 0.0004926089832081396, "caption 14": 0.000491328481165899, "sen bernie": 0.0004905072077509201, "of black": 0.000487561316223276, "the announcement": 0.000484414812380509, "an effective": 0.0004836343238030958, "and ceo": 0.0004818115768949878, "question about": 0.0004813661447788104, "are better": 0.0004809963512035904, "be the": 0.0004809692433019577, "to stay": 0.0004809278709306075, "by that": 0.0004791286760081978, "solution to": 0.0004779731388165746, "ready to": 0.0004767425009207458, "the state": 0.00047660806735257035, "joe biden": 0.0004759497629201527, "the final": 0.0004746741964486119, "in 2013": 0.00047362539085134584, "the voters": 0.00046994159430526465, "higher than": 0.0004678806454791422, "had an": 0.0004674689966591697, "at the": 0.0004644170927342107, "record of": 0.00046347416153223937, "office and": 0.0004628086847446071, "and new": 0.00046224252605107783, "should not": 0.0004612105365910649, "policy that": 0.0004612047851048116, "attention to": 0.00046033502805575605, "he thought": 0.00045849558029123396, "10 million": 0.00045828440587774064, "year of": 0.00045785565435901203, "to play": 0.00045698780254358503, "did you": 0.00045619865250223453, "on monday": 0.00045619107159947477, "the primary": 0.0004556096666204902, "on social": 0.00045547079814930986, "in that": 0.00045495262772582515, "is scheduled": 0.0004534961019879423, "determined by": 0.00045192783820298627, "to your": 0.00045126482171774576, "moved to": 0.00045045893416938864, "he also": 0.00044957800422284805, "act of": 0.0004493925824132086, "in march": 0.0004493230767738506, "to make": 0.00044827298305911116, "and then": 0.0004475089201336513, "majority of": 0.0004471767825783052, "it could": 0.0004461582755211583, "any way": 0.0004460436756964785, "focused on": 0.000445970207944954, "minimum wage": 0.00044590407090593293, "miles to": 0.00044531613565412716, "he ran": 0.00044470702557347847, "the chinese": 0.0004445060712388997, "that her": 0.0004440614816987107, "when we": 0.0004435113115557627, "by the": 0.00044349165940312256, "the anderson": 0.0004426517475239519, "but declined": 0.00044249735655235966, "metals tariffs": 0.0004417412117362957, "for family": 0.000441233720692244, "for decades": 0.000440408165989814, "three years": 0.0004400638923333559,